customer_id,churn_prob,churn_risk_band,clv_segment
CUST031421,0.8695081197673179,High Risk,Low
CUST028888,0.8445013089639002,High Risk,Low
CUST050293,0.842605090361368,High Risk,Low
CUST050096,0.8348177922529713,High Risk,Low
CUST033859,0.825909106732156,High Risk,Low
CUST008832,0.8123402550085158,High Risk,Low
CUST027160,0.8005669220235733,High Risk,High
CUST023988,0.7925202825360487,High Risk,Low
CUST041644,0.7922116129908329,High Risk,Low
CUST044980,0.7921081386043773,High Risk,Medium
CUST038034,0.7917800652409385,High Risk,Medium
CUST043119,0.7849711912619293,High Risk,Low
CUST055474,0.7793183316797838,High Risk,Low
CUST049298,0.7751342298963638,High Risk,Low
CUST028274,0.7703640132816436,High Risk,Low
CUST017709,0.7671927142305572,High Risk,Low
CUST054852,0.7644523101085436,High Risk,Low
CUST037092,0.7638160284409372,High Risk,Medium
CUST035079,0.7567267131131891,High Risk,Premium
CUST022436,0.7552770989713948,High Risk,Low
CUST011673,0.7531320461949546,High Risk,Low
CUST022594,0.7514189302843126,High Risk,Medium
CUST017020,0.7506991026537735,High Risk,Low
CUST023500,0.7438723234251947,High Risk,Low
CUST003269,0.7429695103779366,High Risk,Medium
CUST046352,0.7410897608494589,High Risk,Low
CUST022541,0.7407445110862219,High Risk,Low
CUST057280,0.740067885914471,High Risk,High
CUST043331,0.7383877981117613,High Risk,Low
CUST008435,0.7380050920305485,High Risk,Low
CUST023376,0.7350149776668882,High Risk,Low
CUST011245,0.7332437736642647,High Risk,Low
CUST031140,0.7317130697813312,High Risk,Low
CUST027167,0.7307296788647971,High Risk,Low
CUST028775,0.7296758350983967,High Risk,Low
CUST013071,0.7293290793848431,High Risk,Low
CUST019013,0.7249871669154697,High Risk,Low
CUST007605,0.7235644434054075,High Risk,Low
CUST040584,0.7227359397376116,High Risk,Medium
CUST054536,0.7214986074919066,High Risk,Low
CUST044086,0.7212470589661953,High Risk,Low
CUST012467,0.7205052500738908,High Risk,Low
CUST030559,0.7168620924741308,High Risk,Low
CUST021005,0.7161765806559269,High Risk,Medium
CUST049224,0.714489710262966,High Risk,Low
CUST001753,0.7120034824894692,High Risk,Low
CUST030333,0.7112438571414123,High Risk,Medium
CUST010378,0.710883575130663,High Risk,Low
CUST020273,0.710840398578501,High Risk,Low
CUST053973,0.7106455306345494,High Risk,High
CUST030886,0.7105098621097656,High Risk,Low
CUST011905,0.7084273460166333,High Risk,High
CUST050652,0.7080999908058978,High Risk,Medium
CUST059464,0.7049868583699785,High Risk,Low
CUST008031,0.7027452406221435,High Risk,Medium
CUST017718,0.7022766749621716,High Risk,Medium
CUST002143,0.7019791866242718,High Risk,Low
CUST015074,0.701959214256954,High Risk,Medium
CUST046827,0.7007782096391189,High Risk,Low
CUST002955,0.7006038715334625,High Risk,Low
CUST044915,0.7004744571007058,High Risk,Low
CUST034088,0.7004131059586293,High Risk,Medium
CUST041112,0.6998164399966279,High Risk,Medium
CUST054363,0.6982332225070429,High Risk,Low
CUST010783,0.6979928284351749,High Risk,Low
CUST035116,0.697627076432007,High Risk,Low
CUST023075,0.6962069972865371,High Risk,Medium
CUST031999,0.6961249724723912,High Risk,Low
CUST044660,0.6951908960143778,High Risk,Medium
CUST022203,0.6947431228248151,High Risk,Low
CUST044147,0.6940535107328454,High Risk,Low
CUST007750,0.6939948537310204,High Risk,Low
CUST041475,0.6938339700525181,High Risk,Medium
CUST000083,0.6933763561309576,High Risk,Medium
CUST042863,0.6932102131857437,High Risk,Low
CUST012979,0.6926731518008122,High Risk,Low
CUST026505,0.6923793198171639,High Risk,Low
CUST057861,0.6919582461858728,High Risk,Medium
CUST006804,0.6914565627127395,High Risk,Low
CUST015568,0.6914009954739886,High Risk,Medium
CUST009405,0.6913098514600656,High Risk,High
CUST015949,0.6908909532423294,High Risk,Medium
CUST001378,0.6908437267594256,High Risk,Low
CUST027006,0.6908119592852491,High Risk,Low
CUST028989,0.6906866913182762,High Risk,Medium
CUST039912,0.6892224355609228,High Risk,Low
CUST023692,0.6887638448583806,High Risk,Medium
CUST046873,0.6883881015568839,High Risk,Low
CUST046305,0.6878157082261891,High Risk,Medium
CUST006496,0.686320503284404,High Risk,Low
CUST025884,0.6851881607333115,High Risk,Low
CUST031285,0.6845461217816207,High Risk,Low
CUST041752,0.684501626120525,High Risk,Low
CUST054045,0.6833688167508472,High Risk,Low
CUST002690,0.6824465033695946,High Risk,Low
CUST003913,0.6819135746842382,High Risk,Medium
CUST034560,0.6818896217074419,High Risk,Low
CUST032856,0.6815319368488305,High Risk,Low
CUST057406,0.6812374168291834,High Risk,Low
CUST013276,0.6806655251714389,High Risk,Low
CUST026808,0.6806399684706486,High Risk,High
CUST057439,0.6803607523259863,High Risk,High
CUST044715,0.680211075366906,High Risk,Low
CUST052927,0.6798266646245256,High Risk,Medium
CUST043272,0.6793677461655531,High Risk,Medium
CUST048202,0.6789282804613471,High Risk,High
CUST001242,0.6788634259002972,High Risk,Low
CUST023343,0.6784583750897588,High Risk,Low
CUST053684,0.6781606285905972,High Risk,Low
CUST054398,0.6769804002327751,High Risk,Medium
CUST002104,0.6768036530821838,High Risk,Low
CUST055587,0.6766558352339903,High Risk,Low
CUST024708,0.6766363687687205,High Risk,Low
CUST039435,0.6757691171314402,High Risk,Low
CUST009407,0.6743420253781556,High Risk,Low
CUST034562,0.6743150498903339,High Risk,Low
CUST010572,0.6735940699903558,High Risk,Medium
CUST059520,0.6727969494393939,High Risk,Low
CUST039201,0.6726656596272227,High Risk,Medium
CUST041862,0.6725804219876237,High Risk,Low
CUST030847,0.6719002307462505,High Risk,Medium
CUST025660,0.6717742998787578,High Risk,Low
CUST058696,0.6713483466690163,High Risk,Low
CUST041686,0.6712024128567662,High Risk,Low
CUST033281,0.6707810451777972,High Risk,Low
CUST041225,0.6704878980896025,High Risk,Medium
CUST032203,0.6700919552261004,High Risk,Premium
CUST052889,0.6696868715849241,High Risk,Medium
CUST046516,0.6687944000099747,High Risk,Low
CUST003718,0.6686057842438858,High Risk,Medium
CUST032519,0.6676914373118865,High Risk,Medium
CUST024730,0.6676806393180437,High Risk,Low
CUST058740,0.6673815870196218,High Risk,Medium
CUST054781,0.6672184349912493,High Risk,Medium
CUST006073,0.6671425984223106,High Risk,Low
CUST031072,0.6669948570049952,High Risk,Low
CUST057736,0.6668023776795619,High Risk,Medium
CUST034935,0.6667382218942203,High Risk,Low
CUST018114,0.6664078886021423,High Risk,Low
CUST051461,0.6652255062577646,High Risk,Medium
CUST054122,0.6642106512815914,High Risk,Low
CUST035853,0.6639452275052564,High Risk,Low
CUST001570,0.6639334405560241,High Risk,Low
CUST059992,0.6637243369060474,High Risk,Medium
CUST011386,0.6635043311164895,High Risk,Low
CUST045640,0.6632354928836177,High Risk,Low
CUST005007,0.6622782759355366,High Risk,Low
CUST010876,0.6619596591333787,High Risk,Medium
CUST007517,0.6613252239972691,High Risk,Low
CUST020368,0.6613077795191333,High Risk,Low
CUST000410,0.6612212268666755,High Risk,Medium
CUST049869,0.6609761445195954,High Risk,Low
CUST034789,0.660905143991209,High Risk,Low
CUST009106,0.6608559597812345,High Risk,Low
CUST052844,0.6608445373598834,High Risk,Medium
CUST049286,0.6603300643311598,High Risk,Medium
CUST009269,0.6601778826084858,High Risk,Low
CUST047717,0.659583072557116,High Risk,Medium
CUST045325,0.6595829028654059,High Risk,Low
CUST009942,0.6595359853177944,High Risk,Medium
CUST013999,0.6589287791062749,High Risk,Low
CUST051170,0.6583869266072047,High Risk,Low
CUST024975,0.6583171241850531,High Risk,Low
CUST012104,0.6581198562307952,High Risk,High
CUST010600,0.6580995775594237,High Risk,Low
CUST007588,0.6575752259305376,High Risk,Medium
CUST014730,0.6571088931180833,High Risk,Low
CUST034015,0.6547912547777949,High Risk,Low
CUST010609,0.6545438591883942,High Risk,Low
CUST042854,0.6544422378029915,High Risk,Medium
CUST049460,0.6543728219121514,High Risk,Medium
CUST005938,0.6540329724111071,High Risk,Medium
CUST024189,0.6539496478844775,High Risk,Low
CUST008733,0.653197064003787,High Risk,Low
CUST035697,0.653027361627181,High Risk,Low
CUST026251,0.6525669682330693,High Risk,Low
CUST039742,0.6525623508004095,High Risk,Low
CUST012204,0.6521411705627365,High Risk,Low
CUST045723,0.6517170262074996,High Risk,Premium
CUST005556,0.6511861003865652,High Risk,Low
CUST010764,0.651156077428185,High Risk,High
CUST010882,0.6508529532258207,High Risk,Medium
CUST018000,0.6507037518791526,High Risk,Low
CUST052079,0.6501113434761503,High Risk,Low
CUST037384,0.6497378816642417,High Risk,Low
CUST013813,0.6493498266984064,High Risk,High
CUST051704,0.648986047594339,High Risk,Low
CUST019952,0.6481791203554192,High Risk,Low
CUST055955,0.6480776188318627,High Risk,High
CUST040531,0.6478465589280729,High Risk,Medium
CUST021074,0.6476439495311855,High Risk,Low
CUST045801,0.6475723193173091,High Risk,Low
CUST042611,0.6475708297258923,High Risk,Low
CUST024577,0.6462815110001439,High Risk,Low
CUST006014,0.6462399049412924,High Risk,Low
CUST007577,0.6461999194702595,High Risk,Low
CUST029162,0.6453937368794394,High Risk,Low
CUST055243,0.6449747506847534,High Risk,Low
CUST018185,0.6446001824458385,High Risk,Medium
CUST024052,0.6443383376099352,High Risk,Low
CUST057742,0.6441240122201315,High Risk,Low
CUST040291,0.6440835387193571,High Risk,Low
CUST038844,0.643635976119693,High Risk,Low
CUST059241,0.6434760771851055,High Risk,Medium
CUST057233,0.6432435421149011,High Risk,Low
CUST000516,0.6428713013502375,High Risk,Medium
CUST049575,0.6427662043830524,High Risk,Medium
CUST001267,0.6427018742573025,High Risk,Medium
CUST037696,0.6426255580075688,High Risk,Low
CUST017091,0.6425048215141803,High Risk,Low
CUST047286,0.6424287210290198,High Risk,Low
CUST033586,0.641315134536551,High Risk,High
CUST048299,0.641273647210894,High Risk,Low
CUST052020,0.640731541591679,High Risk,Low
CUST004536,0.6400152694375449,High Risk,Low
CUST020575,0.6393487668634004,High Risk,High
CUST047347,0.6392974539158593,High Risk,Low
CUST053586,0.6391837342747928,High Risk,High
CUST059795,0.6391329641964384,High Risk,Medium
CUST048723,0.6389109757770224,High Risk,Low
CUST055331,0.6387508582068382,High Risk,Low
CUST022243,0.6380820353050711,High Risk,Medium
CUST039424,0.6378823066805464,High Risk,Low
CUST050037,0.6374843301383079,High Risk,Low
CUST043066,0.6373793697401704,High Risk,Low
CUST054911,0.6371824954224786,High Risk,Low
CUST009022,0.6367257854429663,High Risk,Low
CUST037053,0.636501969365397,High Risk,Low
CUST011328,0.6362458140739891,High Risk,Low
CUST021043,0.6354572690235909,High Risk,Medium
CUST031826,0.6354528034984749,High Risk,Low
CUST046038,0.6353477250188428,High Risk,Medium
CUST042490,0.6352508020104782,High Risk,Low
CUST057300,0.6344096972324291,High Risk,Low
CUST036953,0.6341746866391678,High Risk,Low
CUST045732,0.6338644378198179,High Risk,Medium
CUST042359,0.6331188164397638,High Risk,Low
CUST043850,0.632539857494877,High Risk,Medium
CUST055713,0.6320911772882545,High Risk,Low
CUST039380,0.6318847189579847,High Risk,Medium
CUST016323,0.6316662689815588,High Risk,High
CUST034285,0.631165453613213,High Risk,High
CUST003144,0.6303255807608535,High Risk,Low
CUST012722,0.629974340573464,High Risk,Low
CUST028695,0.6298200980997685,High Risk,Low
CUST040928,0.629766187856924,High Risk,Low
CUST049542,0.6296786671151211,High Risk,Low
CUST012265,0.6276230979459323,High Risk,High
CUST002461,0.6272151301711621,High Risk,Medium
CUST019629,0.6267642155590598,High Risk,Low
CUST043960,0.626546904589118,High Risk,Low
CUST015365,0.6257957786540811,High Risk,Low
CUST028889,0.6255562111396817,High Risk,Medium
CUST046036,0.6252912038464511,High Risk,Medium
CUST010599,0.6250736374682444,High Risk,Low
CUST042695,0.6250449545136787,High Risk,Low
CUST059544,0.6247735457376133,High Risk,Medium
CUST036809,0.624706139372912,High Risk,High
CUST040608,0.6245528664769628,High Risk,Low
CUST010818,0.6243554221725427,High Risk,Low
CUST012353,0.624110583526355,High Risk,Medium
CUST010327,0.6240161495092119,High Risk,Low
CUST039746,0.6239615123214055,High Risk,Low
CUST036795,0.6239241195040588,High Risk,Low
CUST008051,0.6238018825649128,High Risk,Low
CUST027148,0.6237608678218705,High Risk,High
CUST021360,0.6235556511210376,High Risk,Medium
CUST016658,0.6234334765788008,High Risk,Low
CUST025740,0.6233076468614335,High Risk,Medium
CUST050843,0.6232872951439802,High Risk,Medium
CUST051231,0.6228940099222984,High Risk,Low
CUST022559,0.6228851808873703,High Risk,High
CUST015384,0.6228406767100325,High Risk,Medium
CUST012277,0.6222487248774353,High Risk,High
CUST018319,0.6220834773273285,High Risk,Low
CUST039193,0.6219047119272586,High Risk,Medium
CUST012983,0.6218253083488283,High Risk,Medium
CUST017112,0.6213004040174741,High Risk,Medium
CUST016600,0.6211854055148314,High Risk,Medium
CUST055696,0.620804614717639,High Risk,Low
CUST041231,0.6203727946197006,High Risk,Low
CUST012080,0.6203085348150985,High Risk,Low
CUST043122,0.6199730905112062,High Risk,Low
CUST000930,0.6198588399080318,High Risk,Low
CUST050816,0.6198485209671717,High Risk,Medium
CUST027649,0.619775824315904,High Risk,Low
CUST047777,0.6193012654732167,High Risk,High
CUST051472,0.6192943705899238,High Risk,Low
CUST015684,0.6191290739907275,High Risk,Low
CUST049975,0.619074658151401,High Risk,Medium
CUST049467,0.6190550760023846,High Risk,Medium
CUST007792,0.6190412200783076,High Risk,Low
CUST021174,0.6178485918234072,High Risk,Medium
CUST004458,0.617815588424403,High Risk,Medium
CUST038632,0.6177421609252378,High Risk,Medium
CUST057998,0.6174844300961235,High Risk,Medium
CUST021279,0.6171596405083182,High Risk,Low
CUST041809,0.6170615233650072,High Risk,Medium
CUST057385,0.6167419537116966,High Risk,Low
CUST049767,0.616628473952963,High Risk,High
CUST029149,0.6162655184495758,High Risk,Low
CUST022819,0.6156781335465406,High Risk,Low
CUST015735,0.6152024741627262,High Risk,Low
CUST031207,0.6148942301986029,High Risk,Low
CUST003342,0.6148539897875117,High Risk,Medium
CUST008399,0.6144253740457932,High Risk,Premium
CUST049681,0.614218040455344,High Risk,High
CUST030027,0.6141897207520899,High Risk,Medium
CUST022098,0.6138816035134882,High Risk,Low
CUST043336,0.6137632111989337,High Risk,Low
CUST029908,0.6135222237602761,High Risk,Medium
CUST057299,0.613334111604804,High Risk,Medium
CUST008349,0.6132609777688326,High Risk,Medium
CUST016535,0.6127593260654934,High Risk,Medium
CUST026878,0.6126639137607801,High Risk,Low
CUST056249,0.612322681231347,High Risk,Medium
CUST023877,0.6121314813260911,High Risk,Low
CUST057099,0.6121269621604597,High Risk,Low
CUST007738,0.6114036743904432,High Risk,Low
CUST040106,0.6109262871615935,High Risk,Medium
CUST033745,0.610916131780893,High Risk,Low
CUST026690,0.6101798597687986,High Risk,Low
CUST010115,0.6101163096412078,High Risk,Low
CUST004508,0.6096143254270341,High Risk,Medium
CUST019768,0.6095874406979855,High Risk,Low
CUST046263,0.6092021214416297,High Risk,Low
CUST056118,0.6084354642391218,High Risk,Medium
CUST022378,0.6081957655863106,High Risk,Low
CUST017574,0.6080388716052438,High Risk,Low
CUST058609,0.6074834589373055,High Risk,Low
CUST024379,0.607060324055647,High Risk,High
CUST032854,0.6069270630789603,High Risk,Low
CUST019079,0.6065389508978344,High Risk,Medium
CUST014031,0.6063623093545589,High Risk,Medium
CUST036628,0.6061664204284758,High Risk,High
CUST041536,0.6060732565772662,High Risk,Medium
CUST008965,0.6060390831347651,High Risk,Medium
CUST032504,0.605939327777269,High Risk,Low
CUST056932,0.6055765435894249,High Risk,Low
CUST030422,0.605096979669155,High Risk,High
CUST049514,0.6047258567209264,High Risk,High
CUST043584,0.6044585517983465,High Risk,Medium
CUST040384,0.6044313766657158,High Risk,Low
CUST042732,0.6042140434290457,High Risk,Medium
CUST031496,0.604155762827021,High Risk,Medium
CUST053900,0.6037424612450254,High Risk,Medium
CUST022720,0.6036627179885059,High Risk,Low
CUST007657,0.6036014675712483,High Risk,Low
CUST006898,0.6035805534142543,High Risk,Low
CUST029417,0.6034387461398449,High Risk,Low
CUST010738,0.6032084753194858,High Risk,Low
CUST044647,0.602917137350882,High Risk,Medium
CUST026939,0.6023132349262281,High Risk,Low
CUST041641,0.6022525871882459,High Risk,Low
CUST048781,0.6022483975308617,High Risk,Medium
CUST043911,0.6021261692778006,High Risk,Low
CUST033427,0.601996807657709,High Risk,Low
CUST023482,0.60167353215978,High Risk,Medium
CUST004634,0.6016388266786759,High Risk,Low
CUST037967,0.6016181980971521,High Risk,Medium
CUST005339,0.6014877327007759,High Risk,Low
CUST024182,0.6013347128310731,High Risk,Low
CUST006186,0.6011989828391424,High Risk,Medium
CUST026728,0.6011548060788451,High Risk,Low
CUST004929,0.600965978261655,High Risk,High
CUST043838,0.6009162752080247,High Risk,Low
CUST046096,0.6008686902584852,High Risk,Low
CUST021114,0.6007156077623085,High Risk,Low
CUST014770,0.6006764817311855,High Risk,High
CUST028380,0.6003425454462111,High Risk,Low
CUST030398,0.6002799351870367,High Risk,Medium
CUST024998,0.6002483310487501,High Risk,Low
CUST044403,0.5993737485225044,High Risk,Medium
CUST048331,0.5988748647882611,High Risk,High
CUST052279,0.5986117491635696,High Risk,Low
CUST015239,0.5983061775688815,High Risk,Low
CUST039876,0.5970257968411461,High Risk,Medium
CUST042374,0.5969011287913634,High Risk,Medium
CUST031747,0.5964207458803193,High Risk,High
CUST002741,0.5962436681379122,High Risk,Low
CUST047477,0.5956095687957278,High Risk,Low
CUST018940,0.5955063492236495,High Risk,Low
CUST024910,0.5953472514340999,High Risk,Low
CUST002630,0.5950677115427275,High Risk,Medium
CUST012565,0.5945379658247754,High Risk,Low
CUST006527,0.5943905593803662,High Risk,Low
CUST056999,0.5936873404986104,High Risk,Low
CUST008141,0.5932540849748011,High Risk,Medium
CUST055944,0.5922104341084287,High Risk,Low
CUST043322,0.5918926210004151,High Risk,Low
CUST007372,0.5916900446205859,High Risk,Low
CUST050086,0.5916862345163267,High Risk,Medium
CUST054190,0.5912730017676837,High Risk,Low
CUST050244,0.5912695326098533,High Risk,Medium
CUST042861,0.5908337015266951,High Risk,Low
CUST024931,0.5907188120079316,High Risk,Low
CUST003369,0.5906996817794393,High Risk,Premium
CUST059588,0.5903758935275979,High Risk,Low
CUST007729,0.5903701638773267,High Risk,Low
CUST058673,0.5902716124880285,High Risk,Low
CUST025251,0.5902544102607779,High Risk,Medium
CUST022420,0.5895390110205726,High Risk,High
CUST049200,0.5893021173242383,High Risk,High
CUST034157,0.5887553367576317,High Risk,Low
CUST000573,0.5887299647870133,High Risk,Low
CUST042377,0.588514745883646,High Risk,Medium
CUST025499,0.5883386806936064,High Risk,Low
CUST059537,0.5883217940398692,High Risk,Medium
CUST029437,0.5882238617504347,High Risk,Medium
CUST030040,0.5881780024923082,High Risk,High
CUST007297,0.5878320988243432,High Risk,Low
CUST045812,0.587638932729315,High Risk,Medium
CUST019900,0.5874282752668569,High Risk,Medium
CUST005346,0.587422863434768,High Risk,Medium
CUST040162,0.5873646253575494,High Risk,Low
CUST035109,0.5872397302488008,High Risk,Low
CUST013027,0.5869064746811745,High Risk,Low
CUST047800,0.5864899245518326,High Risk,Low
CUST021767,0.5862473463018908,High Risk,High
CUST025998,0.5852195176324044,High Risk,Medium
CUST046438,0.5850164477376598,High Risk,Medium
CUST017159,0.5847996504643999,High Risk,Low
CUST056217,0.5847716153639342,High Risk,High
CUST034531,0.5844197636651238,High Risk,Low
CUST012334,0.5843018594537985,High Risk,Low
CUST043634,0.5839883850041381,High Risk,Medium
CUST056044,0.58387381902568,High Risk,Low
CUST006765,0.5838454473528258,High Risk,Low
CUST001077,0.5836195083428455,High Risk,Medium
CUST051910,0.5834269356854254,High Risk,Low
CUST001898,0.5834027109136702,High Risk,Low
CUST004957,0.5826053319433833,High Risk,High
CUST034676,0.5822574033811471,High Risk,Low
CUST037046,0.5822565915552698,High Risk,Low
CUST025485,0.5817481934293882,High Risk,Low
CUST003526,0.5816320877994203,High Risk,Low
CUST053505,0.5808425904898715,High Risk,Low
CUST027398,0.5806181254956668,High Risk,Low
CUST016711,0.5803129230405217,High Risk,Low
CUST045615,0.5802171427926971,High Risk,Low
CUST004577,0.5802014074203579,High Risk,Low
CUST052780,0.579885392317609,High Risk,Medium
CUST049169,0.5797021588324791,High Risk,Medium
CUST005423,0.5796534326142018,High Risk,Premium
CUST015370,0.579390473132802,High Risk,Low
CUST057770,0.5790927577847249,High Risk,Low
CUST032581,0.5788873488522597,High Risk,Low
CUST027808,0.5784999905430906,High Risk,Premium
CUST059828,0.5784401615329746,High Risk,Low
CUST037891,0.5782890172740137,High Risk,Medium
CUST024305,0.5779241149237652,High Risk,Low
CUST037451,0.5775703138964942,High Risk,Medium
CUST053924,0.5774633360536592,High Risk,Medium
CUST015848,0.5774034870192107,High Risk,Low
CUST023948,0.577200821910348,High Risk,Low
CUST022984,0.5771857355224856,High Risk,Medium
CUST013814,0.5768626355284268,High Risk,High
CUST001817,0.5767570154495385,High Risk,Medium
CUST054731,0.5765567003921281,High Risk,Low
CUST020142,0.5765457375323251,High Risk,Premium
CUST046307,0.5764982194053928,High Risk,Medium
CUST031334,0.5764813659463248,High Risk,Medium
CUST005820,0.5762906086100882,High Risk,High
CUST051572,0.5761428787547684,High Risk,Low
CUST001484,0.5760723279203217,High Risk,High
CUST036753,0.5759241330620458,High Risk,High
CUST001343,0.5755094471329129,High Risk,Low
CUST050313,0.5751922466609626,High Risk,Low
CUST036476,0.5750130012642206,High Risk,Medium
CUST020668,0.5743467355121821,High Risk,Medium
CUST008138,0.5741583727016646,High Risk,Medium
CUST050013,0.5739099276081092,High Risk,Low
CUST043739,0.5736829275004645,High Risk,Low
CUST027926,0.5734244070691322,High Risk,High
CUST026435,0.5733619558537876,High Risk,Low
CUST014022,0.5731456626223671,High Risk,High
CUST003545,0.5730598070200988,High Risk,Low
CUST024578,0.5725670219458736,High Risk,Medium
CUST056718,0.572367504413168,High Risk,Low
CUST033623,0.572070813378547,High Risk,Low
CUST019016,0.5718766565483113,High Risk,Low
CUST007453,0.5718352102218979,High Risk,Medium
CUST054777,0.5715770280248623,High Risk,Medium
CUST055974,0.5714422316235659,High Risk,Medium
CUST039130,0.571430724150954,High Risk,Medium
CUST041549,0.5713370593028889,High Risk,Low
CUST014552,0.571161443719858,High Risk,Low
CUST043545,0.5708925154107931,High Risk,Low
CUST029644,0.5708310993771899,High Risk,Medium
CUST030265,0.5708274485081007,High Risk,Medium
CUST034922,0.570822755622702,High Risk,Medium
CUST005944,0.5705887145042996,High Risk,Medium
CUST030774,0.5700257450717634,High Risk,Medium
CUST040891,0.5697797572614596,High Risk,Low
CUST051182,0.5696215993696171,High Risk,Low
CUST055537,0.5694810472812257,High Risk,Medium
CUST001964,0.5691568536223433,High Risk,Medium
CUST040739,0.5691514292345119,High Risk,Low
CUST034889,0.5690070790913646,High Risk,Medium
CUST010822,0.5687064458003647,High Risk,Medium
CUST013196,0.5686647185070492,High Risk,Medium
CUST054547,0.5684022112023406,High Risk,Low
CUST035740,0.5682015985783654,High Risk,Low
CUST010469,0.5680490970997266,High Risk,Low
CUST015739,0.5678564876064932,High Risk,Medium
CUST034869,0.5676692942367406,High Risk,High
CUST047342,0.5676367303382988,High Risk,Medium
CUST027804,0.5673644153175378,High Risk,Low
CUST036941,0.5671625688796865,High Risk,Medium
CUST007306,0.5667755239712778,High Risk,High
CUST050547,0.5664322764669274,High Risk,Medium
CUST058487,0.5663344026464339,High Risk,High
CUST017262,0.5659977074429238,High Risk,Low
CUST013016,0.5654690258117905,High Risk,High
CUST048470,0.5650665850604044,High Risk,Low
CUST047126,0.5646673074239297,High Risk,Low
CUST028341,0.564251630478698,High Risk,Medium
CUST004262,0.5641702244790852,High Risk,Medium
CUST045428,0.564164242337156,High Risk,Low
CUST008348,0.5639596120401043,High Risk,Low
CUST025514,0.5638964296795452,High Risk,Low
CUST014772,0.5638591675360968,High Risk,Low
CUST025864,0.5638365017557087,High Risk,Low
CUST023540,0.5637977312888746,High Risk,Low
CUST009741,0.5636938549495307,High Risk,Low
CUST008671,0.563568023014563,High Risk,Medium
CUST001251,0.5633471823573033,High Risk,Low
CUST018675,0.563186945782239,High Risk,Low
CUST059778,0.5631130403321721,High Risk,Medium
CUST014189,0.5629995089067514,High Risk,Low
CUST005562,0.5629821706448619,High Risk,High
CUST037262,0.5628193094937436,High Risk,Medium
CUST014601,0.5619577041706876,High Risk,Medium
CUST043027,0.5616427333618502,High Risk,Medium
CUST019381,0.5616012504240431,High Risk,Medium
CUST035004,0.5615436035476756,High Risk,Medium
CUST050314,0.5615298210567691,High Risk,Low
CUST055732,0.5614505747290467,High Risk,High
CUST001287,0.5613901790711309,High Risk,High
CUST019585,0.5607935844745346,High Risk,Low
CUST017017,0.560740580121761,High Risk,Premium
CUST028572,0.5607318255413671,High Risk,Low
CUST001336,0.5606714908045463,High Risk,Low
CUST009673,0.5605440950371108,High Risk,Low
CUST028924,0.5603656436094868,High Risk,Medium
CUST057878,0.5602985600932676,High Risk,Low
CUST026087,0.5599682322996025,High Risk,Medium
CUST022787,0.5598914916695061,High Risk,High
CUST006877,0.5598901444270108,High Risk,Medium
CUST018948,0.5598511298821818,High Risk,High
CUST016618,0.5598339496414015,High Risk,Low
CUST038592,0.5597497998313857,High Risk,Low
CUST045932,0.5595546296767379,High Risk,Medium
CUST025524,0.5594273975057175,High Risk,Low
CUST043429,0.5593456910910313,High Risk,Low
CUST041799,0.5592722057773145,High Risk,Medium
CUST004838,0.5589482422066421,High Risk,Medium
CUST002946,0.5588865678358441,High Risk,Low
CUST015305,0.5586758597772444,High Risk,High
CUST050619,0.5585850046302294,High Risk,Low
CUST040449,0.5583564483861521,High Risk,High
CUST056320,0.5583139730508528,High Risk,Low
CUST037079,0.5582663231536542,High Risk,Low
CUST048415,0.558087470393467,High Risk,Low
CUST025515,0.5579978629488407,High Risk,High
CUST040784,0.557837374079105,High Risk,Low
CUST003196,0.5576727195261336,High Risk,Premium
CUST034487,0.5575341456410972,High Risk,Medium
CUST002888,0.5575289166723033,High Risk,High
CUST048407,0.5574799411821709,High Risk,Medium
CUST008240,0.5568640259540618,High Risk,Medium
CUST040899,0.5567913909580643,High Risk,High
CUST040779,0.556716409165592,High Risk,Medium
CUST037009,0.5566487367979887,High Risk,Low
CUST039095,0.5565894810956301,High Risk,Medium
CUST051221,0.5563182223726847,High Risk,Low
CUST053732,0.5563160206714814,High Risk,Low
CUST012399,0.5560151883132582,High Risk,Medium
CUST025400,0.5557795586748207,High Risk,Low
CUST043970,0.5556945309243286,High Risk,Low
CUST033721,0.5555738636938635,High Risk,High
CUST042622,0.5555209705906375,High Risk,Low
CUST011834,0.5552245839001828,High Risk,Low
CUST003052,0.5550078061364266,High Risk,Low
CUST033080,0.5549700717282748,High Risk,High
CUST009707,0.5549044873900344,High Risk,High
CUST032049,0.5548026274621577,High Risk,Low
CUST007033,0.5547630036431578,High Risk,Medium
CUST024601,0.5546563857780742,High Risk,Low
CUST055731,0.5544667775132732,High Risk,Low
CUST026045,0.5544619969689011,High Risk,High
CUST017986,0.5542570685074114,High Risk,Low
CUST046281,0.5541014372369364,High Risk,Low
CUST031454,0.5538008641472981,High Risk,Low
CUST031126,0.5537969915496916,High Risk,Low
CUST039584,0.553678162473299,High Risk,Medium
CUST034921,0.5533144837911921,High Risk,Medium
CUST030938,0.5532864500339907,High Risk,Low
CUST028172,0.5532068319726398,High Risk,Medium
CUST016421,0.5530759244178034,High Risk,Low
CUST040008,0.5529492675249197,High Risk,Low
CUST051767,0.5528956497073794,High Risk,High
CUST017845,0.5526915482526806,High Risk,High
CUST046519,0.5526167114703071,High Risk,Medium
CUST000295,0.5521527390154148,High Risk,Low
CUST051602,0.5520921696098506,High Risk,High
CUST043728,0.5519828106438558,High Risk,Low
CUST001457,0.5519532338587851,High Risk,Low
CUST023048,0.5518368175965246,High Risk,High
CUST037964,0.5518004136999146,High Risk,High
CUST002655,0.5516161315386612,High Risk,Medium
CUST019522,0.5514961332619167,High Risk,Low
CUST056686,0.5514501985222369,High Risk,Medium
CUST042653,0.5513968952927419,High Risk,Medium
CUST011496,0.5513743808660538,High Risk,Low
CUST050644,0.5513503940742611,High Risk,High
CUST053299,0.5510294316368698,High Risk,Low
CUST049235,0.5509934304710477,High Risk,Low
CUST056501,0.5508426020645621,High Risk,High
CUST012246,0.5507647175098613,High Risk,Medium
CUST011359,0.5507005047350194,High Risk,Low
CUST040322,0.5505825960257346,High Risk,Low
CUST040962,0.5503707258184688,High Risk,Low
CUST044542,0.550169642901419,High Risk,High
CUST039377,0.5501304811021235,High Risk,Low
CUST027968,0.5500090443863074,High Risk,Medium
CUST032904,0.5492674846935419,High Risk,Medium
CUST020713,0.5490574897266545,High Risk,High
CUST055238,0.5490109983561817,High Risk,Low
CUST006165,0.5487835128423979,High Risk,Low
CUST047194,0.548330812871701,High Risk,Low
CUST010490,0.5481772091954669,High Risk,Medium
CUST008860,0.5480099310791222,High Risk,Low
CUST035167,0.5477233469835852,High Risk,High
CUST028872,0.5475912148591686,High Risk,Low
CUST002346,0.5471722984088849,High Risk,Premium
CUST026510,0.5470280043878374,High Risk,High
CUST038463,0.5469973053741013,High Risk,Low
CUST036822,0.546970778183245,High Risk,Low
CUST038198,0.5467119867633894,High Risk,High
CUST005897,0.546505118759763,High Risk,Medium
CUST019557,0.5465044766416216,High Risk,High
CUST031440,0.5464394634556491,High Risk,High
CUST011263,0.5463285777826048,High Risk,Medium
CUST049047,0.5460650003355443,High Risk,High
CUST029141,0.5459931882854041,High Risk,Low
CUST038584,0.5459800213191807,High Risk,Medium
CUST009681,0.5459795909468114,High Risk,Low
CUST050411,0.5459708528160441,High Risk,Medium
CUST058616,0.5459667124032348,High Risk,Low
CUST059797,0.545291275320985,High Risk,Low
CUST037014,0.5452325282281519,High Risk,High
CUST021899,0.5447054883675659,High Risk,Medium
CUST022836,0.5446054820886159,High Risk,Medium
CUST034637,0.5445671216670147,High Risk,Low
CUST041367,0.5444208028055659,High Risk,Low
CUST046202,0.5442686134511637,High Risk,Medium
CUST059851,0.5439453871909037,High Risk,High
CUST010553,0.5436674005813191,High Risk,High
CUST001283,0.5436192106433609,High Risk,High
CUST058046,0.5436149114960788,High Risk,Medium
CUST020949,0.5436045273409821,High Risk,Low
CUST035493,0.5434248771191126,High Risk,Premium
CUST010143,0.5432409728975096,High Risk,Medium
CUST022287,0.5431334545579624,High Risk,Medium
CUST003179,0.5430702251782342,High Risk,Low
CUST003227,0.5430507092146352,High Risk,High
CUST055268,0.5428654857596783,High Risk,Low
CUST009442,0.5427354377930899,High Risk,Low
CUST000334,0.5427170056759356,High Risk,Medium
CUST058515,0.5426679718757963,High Risk,Low
CUST001519,0.5426516884798457,High Risk,Low
CUST011145,0.5425283002403037,High Risk,Low
CUST049589,0.5424436538083837,High Risk,Low
CUST049385,0.5422611604115064,High Risk,Medium
CUST055647,0.5421687969218408,High Risk,Medium
CUST033026,0.5421248243008997,High Risk,High
CUST035045,0.5419777369804484,High Risk,Medium
CUST011878,0.5419523280471604,High Risk,Premium
CUST012470,0.5414812066655994,High Risk,Medium
CUST019700,0.5411315030118995,High Risk,Medium
CUST000189,0.5411216433328192,High Risk,Medium
CUST054863,0.5407159611870683,High Risk,Medium
CUST034847,0.5406252767638227,High Risk,High
CUST030504,0.5403283371717359,High Risk,Medium
CUST036072,0.540255853099868,High Risk,Medium
CUST003320,0.5401835937903814,High Risk,Medium
CUST020013,0.5400495509367284,High Risk,Low
CUST039805,0.5396381021907961,High Risk,Medium
CUST010237,0.5395677458731057,High Risk,High
CUST022432,0.5394378756396833,High Risk,Low
CUST004913,0.5394131301522058,High Risk,Medium
CUST045489,0.5393036842687154,High Risk,Low
CUST045738,0.5392383646729073,High Risk,High
CUST004215,0.5391687706596716,High Risk,Low
CUST045074,0.5391419402476212,High Risk,Medium
CUST045347,0.538994022841782,High Risk,Low
CUST029525,0.5389922153353739,High Risk,Medium
CUST028493,0.5389547983978468,High Risk,High
CUST017519,0.5388158013677156,High Risk,Premium
CUST046879,0.5386761723549088,High Risk,Low
CUST040212,0.5382345104545978,High Risk,Premium
CUST028236,0.538181330706899,High Risk,Low
CUST027152,0.5380417090893209,High Risk,Premium
CUST012882,0.5377497574181829,High Risk,Low
CUST020704,0.5377093521187506,High Risk,Low
CUST011026,0.5374753282054027,High Risk,High
CUST014742,0.5374649796843686,High Risk,Low
CUST029408,0.5373083363690226,High Risk,Low
CUST041611,0.5373070991732499,High Risk,Medium
CUST057824,0.5371050216749458,High Risk,Medium
CUST011658,0.5370836482912857,High Risk,Low
CUST059953,0.5369227716176737,High Risk,Medium
CUST022498,0.5368479679631382,High Risk,Low
CUST031608,0.5367016582136065,High Risk,Medium
CUST048832,0.5362851893020752,High Risk,Medium
CUST023155,0.53623004003654,High Risk,Low
CUST052527,0.5360533394594119,High Risk,Low
CUST008764,0.5358689969472414,High Risk,Medium
CUST003997,0.5357896685874577,High Risk,Low
CUST010301,0.5357867544979522,High Risk,Low
CUST035562,0.5357842230775645,High Risk,Medium
CUST027866,0.5356684106077129,High Risk,Low
CUST038470,0.5356477134967845,High Risk,Low
CUST019891,0.5354530989833914,High Risk,Medium
CUST013415,0.5351660351117322,High Risk,High
CUST005949,0.5349719920157792,High Risk,Medium
CUST018288,0.5348929720176706,High Risk,Medium
CUST006407,0.5348505288459707,High Risk,Low
CUST011301,0.5344690225334849,High Risk,Low
CUST035554,0.5343889503133298,High Risk,Medium
CUST055972,0.534280575745229,High Risk,Low
CUST030091,0.5340641114824649,High Risk,Low
CUST020361,0.5339636796729469,High Risk,Medium
CUST009628,0.5338676336361394,High Risk,High
CUST028223,0.5337910242515813,High Risk,Medium
CUST056749,0.533757486739314,High Risk,Low
CUST000424,0.5337247094405895,High Risk,Premium
CUST056357,0.5335561113731699,High Risk,Medium
CUST028809,0.5332910845382498,High Risk,Low
CUST052245,0.5332252533290445,High Risk,High
CUST019018,0.5331704667556372,High Risk,Low
CUST058419,0.5327908447638661,High Risk,High
CUST015546,0.5326675497218047,High Risk,High
CUST006881,0.5326281877325009,High Risk,Medium
CUST046105,0.5323177781431621,High Risk,Low
CUST022426,0.53223324430242,High Risk,Medium
CUST010346,0.5321378487009748,High Risk,Medium
CUST021640,0.5321235548642742,High Risk,Low
CUST009474,0.5320224155080862,High Risk,Premium
CUST045225,0.5314659580065386,High Risk,Medium
CUST052398,0.531358206049662,High Risk,High
CUST020802,0.5312171798409006,High Risk,Low
CUST000057,0.5306465705883714,High Risk,Low
CUST023126,0.5306144506609713,High Risk,Low
CUST057723,0.5306074174791796,High Risk,Medium
CUST029988,0.5304410388247429,High Risk,Low
CUST009590,0.5302853813594173,High Risk,Medium
CUST054873,0.5302530331859071,High Risk,Low
CUST018383,0.529857669921379,High Risk,Low
CUST049026,0.529751037116724,High Risk,Low
CUST058971,0.5292848781650247,High Risk,Low
CUST053617,0.5292798903671797,High Risk,High
CUST042793,0.529188924077495,High Risk,Medium
CUST033729,0.5285539045021839,High Risk,Low
CUST034351,0.528330323333497,High Risk,Low
CUST016509,0.5283157444126938,High Risk,Low
CUST011157,0.5282420637209334,High Risk,Medium
CUST047432,0.528136229417409,High Risk,Medium
CUST023585,0.5277226163022268,High Risk,Medium
CUST014171,0.527665168053991,High Risk,Medium
CUST054241,0.5276211760691469,High Risk,Low
CUST013910,0.5276092180239302,High Risk,Medium
CUST020869,0.527577158251181,High Risk,Medium
CUST040519,0.5272344748632142,High Risk,Low
CUST024552,0.527099882620392,High Risk,Low
CUST010569,0.5269806793617823,High Risk,Low
CUST031117,0.5269480798505934,High Risk,High
CUST030222,0.5268910389123096,High Risk,Medium
CUST017265,0.5268641509518923,High Risk,Medium
CUST019045,0.5268577682983558,High Risk,Low
CUST024003,0.5266963716719958,High Risk,High
CUST002442,0.526576505104873,High Risk,Low
CUST025532,0.5263964122167978,High Risk,Low
CUST004172,0.5261857464737285,High Risk,Low
CUST056500,0.5261534494219355,High Risk,High
CUST022296,0.5260583132124873,High Risk,High
CUST017553,0.5260439835373453,High Risk,Low
CUST002226,0.5259895946125661,High Risk,Low
CUST021826,0.5257649008220706,High Risk,Low
CUST024640,0.5255888856807549,High Risk,Medium
CUST031610,0.5255537649720587,High Risk,High
CUST032307,0.5254884136844566,High Risk,Low
CUST047388,0.5252951270632653,High Risk,Medium
CUST005902,0.5252182066910638,High Risk,Medium
CUST003890,0.5245749563910682,High Risk,Low
CUST055106,0.5241365389886679,High Risk,Low
CUST041339,0.5237867105187834,High Risk,High
CUST033307,0.5236603247089711,High Risk,High
CUST013478,0.5233030177799473,High Risk,Medium
CUST037612,0.5232947731492501,High Risk,Low
CUST059909,0.52326056750881,High Risk,High
CUST042191,0.5231815245490161,High Risk,Medium
CUST006346,0.5231211246824667,High Risk,Low
CUST047138,0.5231006514339154,High Risk,High
CUST025280,0.5230345206876208,High Risk,Low
CUST001247,0.5230341849846952,High Risk,Low
CUST025133,0.5228807523302152,High Risk,Premium
CUST015060,0.5227590000647167,High Risk,Medium
CUST055251,0.5227350407741609,High Risk,Low
CUST013549,0.5225632565784453,High Risk,Medium
CUST002033,0.5224257974842783,High Risk,Medium
CUST009848,0.5222559102227262,High Risk,High
CUST046177,0.5221859725417624,High Risk,Low
CUST018785,0.5220844249929673,High Risk,Medium
CUST009710,0.5219985158465044,High Risk,Premium
CUST043756,0.5219241227278729,High Risk,Medium
CUST038337,0.5217794055748411,High Risk,Low
CUST003136,0.5216596708116278,High Risk,Low
CUST055362,0.5216509720776085,High Risk,Low
CUST002699,0.5216441479431541,High Risk,Low
CUST052684,0.5214705048955578,High Risk,Low
CUST044986,0.5214378672548465,High Risk,High
CUST041569,0.5213275585243202,High Risk,Medium
CUST013749,0.5211806929236653,High Risk,Premium
CUST004593,0.5211583017604111,High Risk,High
CUST034292,0.5210591303565439,High Risk,Low
CUST035581,0.5209027652729996,High Risk,Medium
CUST023555,0.5208990887739092,High Risk,Medium
CUST024554,0.520780936278976,High Risk,Low
CUST051793,0.5206840139737409,High Risk,Low
CUST055198,0.5204471085317242,High Risk,Medium
CUST036894,0.5204083525250983,High Risk,Low
CUST049882,0.5203947878082017,High Risk,Premium
CUST036381,0.5200814943132194,High Risk,Medium
CUST007783,0.5199946197843339,High Risk,Medium
CUST047666,0.5199021870374372,High Risk,Medium
CUST037391,0.5197615140835328,High Risk,Medium
CUST031090,0.5195179523175526,High Risk,Medium
CUST037029,0.5194691434535919,High Risk,Medium
CUST009569,0.5192072736607772,High Risk,Low
CUST007495,0.5192024361158157,High Risk,Low
CUST004091,0.5190923452501227,High Risk,Low
CUST041213,0.5190143522576912,High Risk,Medium
CUST028489,0.5188954761284382,High Risk,Low
CUST022304,0.5187466217161798,High Risk,Low
CUST028543,0.5185543345667026,High Risk,Premium
CUST034226,0.5184799706684371,High Risk,Low
CUST002024,0.5183370208018382,High Risk,Low
CUST041989,0.5182854865417839,High Risk,Medium
CUST016073,0.5182180619195039,High Risk,High
CUST056019,0.5181637162004984,High Risk,High
CUST028410,0.5180001486884387,High Risk,Premium
CUST017535,0.5179089892124094,High Risk,Low
CUST037708,0.5178914365188734,High Risk,Medium
CUST030101,0.5176925625867449,High Risk,Medium
CUST011915,0.5176617612285664,High Risk,High
CUST059989,0.51763960483834,High Risk,Medium
CUST008002,0.5176309430633179,High Risk,Low
CUST008288,0.517584706348693,High Risk,Medium
CUST001314,0.5173807796394047,High Risk,High
CUST042999,0.517293989017437,High Risk,Low
CUST044670,0.5171744115605709,High Risk,Medium
CUST050515,0.5170224894147856,High Risk,Low
CUST053199,0.5168982686087824,High Risk,Premium
CUST033864,0.516762393927646,High Risk,Low
CUST022556,0.5167596393982221,High Risk,Medium
CUST031389,0.5164109335630727,High Risk,Medium
CUST039743,0.5161088392797688,High Risk,Low
CUST008956,0.51608256871539,High Risk,Medium
CUST009009,0.5159236583037694,High Risk,Medium
CUST009996,0.5158980964591422,High Risk,Low
CUST009689,0.5157159346726325,High Risk,Low
CUST001249,0.5155514585210772,High Risk,Medium
CUST036289,0.5151423047753565,High Risk,Medium
CUST005442,0.5150501864966156,High Risk,High
CUST056805,0.5150480278271043,High Risk,Low
CUST041260,0.5150059370639866,High Risk,High
CUST032111,0.5149295844692865,High Risk,Low
CUST003000,0.5148640714780335,High Risk,Medium
CUST052651,0.5148141299950015,High Risk,Low
CUST038481,0.5145109276370644,High Risk,Low
CUST024042,0.5144428117862352,High Risk,Medium
CUST018101,0.5142781042292851,High Risk,Low
CUST002727,0.5142114748226088,High Risk,Medium
CUST023636,0.514193929478952,High Risk,Medium
CUST013036,0.5137990844829277,High Risk,Medium
CUST053964,0.51358825711632,High Risk,High
CUST046726,0.5134254099152111,High Risk,High
CUST011836,0.5132931767057118,High Risk,Low
CUST033375,0.5132396404476329,High Risk,Medium
CUST031562,0.5131460871393214,High Risk,Medium
CUST005275,0.5131119452007337,High Risk,Low
CUST025658,0.5129803768124431,High Risk,High
CUST033437,0.5129332540236266,High Risk,Low
CUST026029,0.5125869939796357,High Risk,High
CUST041836,0.5125497159338759,High Risk,Low
CUST028355,0.5123535521095899,High Risk,Medium
CUST022073,0.5123215245669865,High Risk,Medium
CUST047290,0.5121971267274334,High Risk,Low
CUST006829,0.5121809661623978,High Risk,Medium
CUST014817,0.5120992958320875,High Risk,High
CUST054242,0.5120990315512384,High Risk,Low
CUST033388,0.5120078852993575,High Risk,Medium
CUST059664,0.5117199469272619,High Risk,Medium
CUST027144,0.5116934231348617,High Risk,Low
CUST006104,0.5113779812461636,High Risk,Low
CUST006569,0.5112052803912963,High Risk,High
CUST056028,0.5111895882930682,High Risk,Low
CUST012192,0.511182246711029,High Risk,High
CUST013872,0.5111341640266794,High Risk,Low
CUST008057,0.5109925539355006,High Risk,Low
CUST018565,0.5109673596211228,High Risk,Medium
CUST003630,0.5107823432696217,High Risk,Medium
CUST003135,0.5107520559582394,High Risk,High
CUST021613,0.5106125030484319,High Risk,Premium
CUST047093,0.5105058403105376,High Risk,Low
CUST010537,0.5104799720387991,High Risk,Medium
CUST036798,0.510364042802617,High Risk,Medium
CUST003785,0.5103373967643068,High Risk,High
CUST054875,0.5102547627067648,High Risk,Low
CUST042183,0.510175892224089,High Risk,Low
CUST027459,0.5101694624045812,High Risk,Low
CUST006125,0.5098745818235553,High Risk,Medium
CUST056414,0.5097400556976833,High Risk,High
CUST019701,0.5096022514326967,High Risk,Premium
CUST051804,0.5095909787545954,High Risk,Medium
CUST032578,0.5094560180398929,High Risk,Low
CUST033702,0.5091706180700026,High Risk,Premium
CUST033021,0.5091312887287451,High Risk,Medium
CUST009755,0.5089706139244274,High Risk,High
CUST039798,0.5087670490425642,High Risk,High
CUST036052,0.5087243147020912,High Risk,Medium
CUST040932,0.5084357971612081,High Risk,Low
CUST019714,0.5082439601356834,High Risk,Medium
CUST041487,0.5077355098763232,High Risk,High
CUST017038,0.5076863990678532,High Risk,Medium
CUST058939,0.5076070726776098,High Risk,Medium
CUST002898,0.5076025890945509,High Risk,Premium
CUST032259,0.5074870003397376,High Risk,Low
CUST048492,0.5074014016620205,High Risk,Low
CUST033400,0.5072247238446752,High Risk,High
CUST042069,0.5071720922843793,High Risk,Medium
CUST043730,0.5070522531276318,High Risk,High
CUST023019,0.5069858431431975,High Risk,Medium
CUST018353,0.5064738808257371,High Risk,Low
CUST022377,0.5060853795532918,High Risk,Low
CUST045422,0.5058713245127168,High Risk,Medium
CUST018165,0.5057331704304449,High Risk,High
CUST041790,0.5056957484803245,High Risk,High
CUST034761,0.5056510178334384,High Risk,Medium
CUST027599,0.5056257149964218,High Risk,Medium
CUST014371,0.5055540312500699,High Risk,Medium
CUST010861,0.5052468098468628,High Risk,Low
CUST037073,0.5052455352367277,High Risk,Medium
CUST048657,0.504810739534004,High Risk,Low
CUST044657,0.5047480445228507,High Risk,Low
CUST004792,0.5046651136086795,High Risk,Low
CUST059741,0.5046545843670336,High Risk,Medium
CUST032066,0.5045907632696778,High Risk,Medium
CUST058246,0.5044379249451093,High Risk,Low
CUST017919,0.50437629202449,High Risk,Medium
CUST013145,0.5043398118424897,High Risk,Medium
CUST029011,0.5042698598796899,High Risk,High
CUST007871,0.5042523434752082,High Risk,High
CUST008646,0.5041487765662677,High Risk,High
CUST059898,0.5039000744181286,High Risk,Low
CUST029181,0.5038605032421737,High Risk,Low
CUST057478,0.5036528747389563,High Risk,High
CUST003491,0.5036520831004966,High Risk,Low
CUST044602,0.5035023589784008,High Risk,Low
CUST036534,0.5033458292529674,High Risk,Low
CUST059693,0.5033418157804272,High Risk,High
CUST039757,0.5031292375736828,High Risk,Low
CUST040487,0.5026198552451497,High Risk,Low
CUST047711,0.5025865030178959,High Risk,Medium
CUST037163,0.5025655493702094,High Risk,Low
CUST031028,0.5025222211449167,High Risk,Medium
CUST005734,0.5023656369929372,High Risk,Low
CUST014640,0.5023079187308099,High Risk,Medium
CUST006071,0.5022257820603067,High Risk,Medium
CUST013137,0.5021378247647926,High Risk,Low
CUST055826,0.5021069064985773,High Risk,Medium
CUST048175,0.5018590378263876,High Risk,Medium
CUST004285,0.5017404576998682,High Risk,Medium
CUST054658,0.5017207676175334,High Risk,High
CUST042612,0.5016860842123282,High Risk,Low
CUST001319,0.5014797681284647,High Risk,Low
CUST013480,0.5014001187124268,High Risk,Medium
CUST033365,0.5013881426831268,High Risk,Medium
CUST034500,0.5013292979701163,High Risk,Medium
CUST035791,0.5013088675492099,High Risk,Medium
CUST042713,0.5010508528441786,High Risk,Medium
CUST048049,0.5010087582015291,High Risk,Medium
CUST049949,0.5008846793480382,High Risk,Medium
CUST010662,0.5007625303458073,High Risk,Medium
CUST020324,0.5005995686607563,High Risk,Medium
CUST031152,0.500562148103864,High Risk,Low
CUST024994,0.500446286299869,High Risk,Low
CUST030739,0.5002590280290724,High Risk,Medium
